transaction_id,entity_id,counterparty_id,amount,timestamp,transaction_type,tax_category
tx_0000,Entity_T,Entity_B,1501.39,2025-12-19T19:24:03.479443,payment,service
tx_0001,Entity_G,Entity_U,4192.69,2025-12-19T21:24:03.479443,payment,service
tx_0002,Entity_V,Entity_X,993.14,2025-12-19T23:24:03.479443,payment,service
tx_0003,Entity_I,Entity_I,2783.79,2025-12-20T01:24:03.479443,payment,service
tx_0004,Entity_I,Entity_W,1819.31,2025-12-20T03:24:03.479443,payment,service
tx_0005,Entity_E,Entity_C,3316.71,2025-12-20T05:24:03.479443,payment,service
tx_0006,Entity_H,Entity_C,4625.3,2025-12-20T07:24:03.479443,payment,service
tx_0007,Entity_B,Entity_P,6507.23,2025-12-20T09:24:03.479443,payment,service
tx_0008,Entity_R,Entity_M,1136.53,2025-12-20T11:24:03.479443,payment,service
tx_0009,Entity_S,Entity_I,4456.78,2025-12-20T13:24:03.479443,payment,service
tx_0010,Entity_L,Entity_D,1982.6,2025-12-20T15:24:03.479443,payment,service
tx_0011,Entity_M,Entity_H,3046.06,2025-12-20T17:24:03.479443,payment,service
tx_0012,Entity_Z,Entity_P,556.73,2025-12-20T19:24:03.479443,payment,service
tx_0013,Entity_V,Entity_M,4579.7,2025-12-20T21:24:03.479443,payment,service
tx_0014,Entity_D,Entity_Y,7761.01,2025-12-20T23:24:03.479443,payment,service
tx_0015,Entity_J,Entity_B,6681.48,2025-12-21T01:24:03.479443,payment,service
tx_0016,Entity_H,Entity_W,8576.47,2025-12-21T03:24:03.479443,payment,service
tx_0017,Entity_F,Entity_P,9213.77,2025-12-21T05:24:03.479443,payment,service
tx_0018,Entity_P,Entity_P,1948.92,2025-12-21T07:24:03.479443,payment,service
tx_0019,Entity_S,Entity_V,6583.22,2025-12-21T09:24:03.479443,payment,service
tx_0020,Entity_A,Entity_L,8326.66,2025-12-21T11:24:03.479443,payment,service
tx_0021,Entity_M,Entity_Z,6920.44,2025-12-21T13:24:03.479443,payment,service
tx_0022,Entity_R,Entity_Z,3532.53,2025-12-21T15:24:03.479443,payment,service
tx_0023,Entity_H,Entity_V,7181.33,2025-12-21T17:24:03.479443,payment,service
tx_0024,Entity_J,Entity_I,7313.05,2025-12-21T19:24:03.479443,payment,service
tx_0025,Entity_P,Entity_O,5350.66,2025-12-21T21:24:03.479443,payment,service
tx_0026,Entity_R,Entity_K,4700.22,2025-12-21T23:24:03.479443,payment,service
tx_0027,Entity_L,Entity_A,9334.02,2025-12-22T01:24:03.479443,payment,service
tx_0028,Entity_H,Entity_V,7462.03,2025-12-22T03:24:03.479443,payment,service
tx_0029,Entity_L,Entity_J,2705.27,2025-12-22T05:24:03.479443,payment,service
tx_0030,Entity_D,Entity_M,5390.92,2025-12-22T07:24:03.479443,payment,service
tx_0031,Entity_L,Entity_W,844.22,2025-12-22T09:24:03.479443,payment,service
tx_0032,Entity_L,Entity_D,3875.99,2025-12-22T11:24:03.479443,payment,service
tx_0033,Entity_Y,Entity_T,311.89,2025-12-22T13:24:03.479443,payment,service
tx_0034,Entity_S,Entity_U,8127.02,2025-12-22T15:24:03.479443,payment,service
tx_0035,Entity_U,Entity_Y,3909.29,2025-12-22T17:24:03.479443,payment,service
tx_0036,Entity_J,Entity_A,7881.23,2025-12-22T19:24:03.479443,payment,service
tx_0037,Entity_Y,Entity_M,2039.85,2025-12-22T21:24:03.479443,payment,service
tx_0038,Entity_X,Entity_H,3920.58,2025-12-22T23:24:03.479443,payment,service
tx_0039,Entity_E,Entity_C,3917.44,2025-12-23T01:24:03.479443,payment,service
tx_0040,Entity_K,Entity_U,199.99,2025-12-23T03:24:03.479443,payment,service
tx_0041,Entity_V,Entity_S,7370.41,2025-12-23T05:24:03.479443,payment,service
tx_0042,Entity_E,Entity_S,3704.33,2025-12-23T07:24:03.479443,payment,service
tx_0043,Entity_R,Entity_C,5250.75,2025-12-23T09:24:03.479443,payment,service
tx_0044,Entity_G,Entity_V,2692.46,2025-12-23T11:24:03.479443,payment,service
tx_0045,Entity_C,Entity_F,3488.24,2025-12-23T13:24:03.479443,payment,service
tx_0046,Entity_M,Entity_F,5832.27,2025-12-23T15:24:03.479443,payment,service
tx_0047,Entity_G,Entity_A,2514.96,2025-12-23T17:24:03.479443,payment,service
tx_0048,Entity_U,Entity_D,3132.37,2025-12-23T19:24:03.479443,payment,service
tx_0049,Entity_V,Entity_P,134.72,2025-12-23T21:24:03.479443,payment,service
tx_0050,Entity_O,Entity_W,6639.6,2025-12-23T23:24:03.479443,payment,service
tx_0051,Entity_U,Entity_N,8701.12,2025-12-24T01:24:03.479443,payment,service
tx_0052,Entity_Y,Entity_D,5868.93,2025-12-24T03:24:03.479443,payment,service
tx_0053,Entity_O,Entity_V,8773.59,2025-12-24T05:24:03.479443,payment,service
tx_0054,Entity_Y,Entity_V,8641.17,2025-12-24T07:24:03.479443,payment,service
tx_0055,Entity_S,Entity_L,3178.83,2025-12-24T09:24:03.479443,payment,service
tx_0056,Entity_W,Entity_C,8753.98,2025-12-24T11:24:03.479443,payment,service
tx_0057,Entity_M,Entity_I,3640.65,2025-12-24T13:24:03.479443,payment,service
tx_0058,Entity_P,Entity_Z,116.36,2025-12-24T15:24:03.479443,payment,service
tx_0059,Entity_P,Entity_Y,7285.59,2025-12-24T17:24:03.479443,payment,service
tx_0060,Entity_N,Entity_B,5803.15,2025-12-24T19:24:03.479443,payment,service
tx_0061,Entity_L,Entity_K,2248.88,2025-12-24T21:24:03.479443,payment,service
tx_0062,Entity_B,Entity_X,8021.33,2025-12-24T23:24:03.479443,payment,service
tx_0063,Entity_K,Entity_R,721.73,2025-12-25T01:24:03.479443,payment,service
tx_0064,Entity_L,Entity_O,2655.25,2025-12-25T03:24:03.479443,payment,service
tx_0065,Entity_G,Entity_E,9849.0,2025-12-25T05:24:03.479443,payment,service
tx_0066,Entity_X,Entity_G,6927.92,2025-12-25T07:24:03.479443,payment,service
tx_0067,Entity_E,Entity_Q,8582.04,2025-12-25T09:24:03.479443,payment,service
tx_0068,Entity_K,Entity_E,4413.63,2025-12-25T11:24:03.479443,payment,service
tx_0069,Entity_Z,Entity_L,4462.41,2025-12-25T13:24:03.479443,payment,service
tx_0070,Entity_S,Entity_N,8063.26,2025-12-25T15:24:03.479443,payment,service
tx_0071,Entity_E,Entity_K,1395.68,2025-12-25T17:24:03.479443,payment,service
tx_0072,Entity_I,Entity_L,9524.46,2025-12-25T19:24:03.479443,payment,service
tx_0073,Entity_C,Entity_Q,9749.92,2025-12-25T21:24:03.479443,payment,service
tx_0074,Entity_O,Entity_U,9253.35,2025-12-25T23:24:03.479443,payment,service
tx_0075,Entity_O,Entity_E,3816.76,2025-12-26T01:24:03.479443,payment,service
tx_0076,Entity_W,Entity_M,6631.47,2025-12-26T03:24:03.479443,payment,service
tx_0077,Entity_O,Entity_E,1136.1,2025-12-26T05:24:03.479443,payment,service
tx_0078,Entity_K,Entity_G,231.97,2025-12-26T07:24:03.479443,payment,service
tx_0079,Entity_R,Entity_R,3872.72,2025-12-26T09:24:03.479443,payment,service
tx_0080,Entity_S,Entity_O,6274.78,2025-12-26T11:24:03.479443,payment,service
tx_0081,Entity_X,Entity_K,2117.82,2025-12-26T13:24:03.479443,payment,service
tx_0082,Entity_A,Entity_W,9876.37,2025-12-26T15:24:03.479443,payment,service
tx_0083,Entity_P,Entity_P,9749.4,2025-12-26T17:24:03.479443,payment,service
tx_0084,Entity_O,Entity_U,7211.26,2025-12-26T19:24:03.479443,payment,service
tx_0085,Entity_T,Entity_G,2473.37,2025-12-26T21:24:03.479443,payment,service
tx_0086,Entity_Q,Entity_X,1810.84,2025-12-26T23:24:03.479443,payment,service
tx_0087,Entity_G,Entity_G,4681.73,2025-12-27T01:24:03.479443,payment,service
tx_0088,Entity_I,Entity_W,2724.79,2025-12-27T03:24:03.479443,payment,service
tx_0089,Entity_V,Entity_G,1563.02,2025-12-27T05:24:03.479443,payment,service
tx_0090,Entity_Q,Entity_Q,3906.75,2025-12-27T07:24:03.479443,payment,service
tx_0091,Entity_R,Entity_B,330.86,2025-12-27T09:24:03.479443,payment,service
tx_0092,Entity_H,Entity_O,8177.84,2025-12-27T11:24:03.479443,payment,service
tx_0093,Entity_X,Entity_N,7462.52,2025-12-27T13:24:03.479443,payment,service
tx_0094,Entity_S,Entity_J,7541.87,2025-12-27T15:24:03.479443,payment,service
tx_0095,Entity_V,Entity_P,2325.15,2025-12-27T17:24:03.479443,payment,service
tx_0096,Entity_Z,Entity_F,5375.02,2025-12-27T19:24:03.479443,payment,service
tx_0097,Entity_K,Entity_P,6261.29,2025-12-27T21:24:03.479443,payment,service
tx_0098,Entity_W,Entity_K,3636.59,2025-12-27T23:24:03.479443,payment,service
tx_0099,Entity_B,Entity_L,431.02,2025-12-28T01:24:03.479443,payment,service
fra_01,Entity_A,Entity_B,50000,2025-12-19T19:24:03.479443,loan,exempt
fra_02,Entity_B,Entity_C,49500,2025-12-19T20:24:03.479443,loan,exempt
fra_03,Entity_C,Entity_A,49000,2025-12-19T21:24:03.479443,repayment,exempt
